{
    "name": "Desert",
    "height": {
        "min": 0.33000001311302187,
        "max": 0.6600000262260437
    },
    "temp": {
        "min": 0.6600000262260437,
        "max": 1.0
    },
    "humidity": {
        "min": 0.0,
        "max": 0.33000001311302187
    },
    "isWater": false,
    "colorGradient": {
        "serializedVersion": "2",
        "key0": {
            "r": 0.8196078538894653,
            "g": 0.8235294222831726,
            "b": 0.5686274766921997,
            "a": 1.0
        },
        "key1": {
            "r": 0.6392157077789307,
            "g": 0.615686297416687,
            "b": 0.42352941632270815,
            "a": 1.0
        },
        "key2": {
            "r": 0.0,
            "g": 0.0,
            "b": 0.0,
            "a": 0.0
        },
        "key3": {
            "r": 0.0,
            "g": 0.0,
            "b": 0.0,
            "a": 0.0
        },
        "key4": {
            "r": 0.0,
            "g": 0.0,
            "b": 0.0,
            "a": 0.0
        },
        "key5": {
            "r": 0.0,
            "g": 0.0,
            "b": 0.0,
            "a": 0.0
        },
        "key6": {
            "r": 0.0,
            "g": 0.0,
            "b": 0.0,
            "a": 0.0
        },
        "key7": {
            "r": 0.0,
            "g": 0.0,
            "b": 0.0,
            "a": 0.0
        },
        "ctime0": 0,
        "ctime1": 65535,
        "ctime2": 0,
        "ctime3": 0,
        "ctime4": 0,
        "ctime5": 0,
        "ctime6": 0,
        "ctime7": 0,
        "atime0": 0,
        "atime1": 65535,
        "atime2": 0,
        "atime3": 0,
        "atime4": 0,
        "atime5": 0,
        "atime6": 0,
        "atime7": 0,
        "m_Mode": 0,
        "m_NumColorKeys": 2,
        "m_NumAlphaKeys": 2
    }
}